recId;aut;title;place;publ;yea;lan;rubrics;person;serial;material;biblevel;ager
1;Устинова Татьяна Витальевна;Призрак Канта;Москва;Эксмо;2018;rus;Художественная литература : Российский детектив;;Татьяна Устинова. Первая среди лучших;Текст. материал;Монография;16+
2;;Наука и жизнь;Москва;Редакция журнала «Наука и жизнь»;1938-;rus;Наука. Науковедение;;;Текст. материал;Периодика;12+
3;;Наука и жизнь;;;2018;rus;Наука. Науковедение;;;Текст. материал;Монография;12+
4;;Наука и жизнь;;;2018;rus;Наука. Науковедение;;;Текст. материал;Монография;12+
5;;Наука и жизнь;;;2018;rus;Наука. Науковедение;;;Текст. материал;Монография;12+
6;Тараканов Борис Игоревич;Кольцо времени;Москва;АиФ Принт;2001;rus;Художественная литература : Фэнтэзи;;Черная звезда;Текст. материал;Монография;
8;;Фантастика-86;Москва;Молодая гвардия;1986;;Художественная литература;;;Текст. материал;Монография;
9;;Фантастика-90;Москва;Молодая гвардия;1990;;Художественная литература : Фантастика;;;Текст. материал;Монография;
10;Федотова Надежда Григорьевна;Вождей не выбирают;Москва;Армада , Альфа-книга;2005;rus;Художественная литература : Художественно-документальная проза. Мемуары;;;Текст. материал;Монография;
11;Федорова Екатерина;Леди-рыцарь;Москва;Армада , Альфа-книга;2002;rus;Художественная литература : Фантастика;;;Текст. материал;Монография;
12;Федотова Юлия Викторовна;Чисто семейное дело;Москва;Альфа-книга;2010;rus;Художественная литература : Фантастика;;Магия фэнтези;Текст. материал;Монография;
13;;Чистое небо;Москва;Эксмо;2008;rus;Художественная литература : Фантастика;;S.T.A.L.K.E.R.;Текст. материал;Монография;
14;Фомичев Алексей Сергеевич;Цель оправдывает средства;Москва;АСТ , Транзиткнига , АСТ Москва;2006;rus;Художественная литература : Фантастика;;;Текст. материал;Монография;
15;Фуртаева Наталья Ивановна;Однажды где-то...;Москва;Армада , Альфа-книга;2006;rus;Художественная литература;;;Текст. материал;Монография;
16;Фрумкин Сергей Аркадьевич;Новый Король Галактики;Москва;Армада , Альфа-книга;2001;rus;Художественная литература;;;Текст. материал;Монография;
17;;Фэнтези-2003;Москва;Эксмо;2003;rus;Художественная литература;;Миры fantasy;Текст. материал;Монография;
18;;Фэнтези-2005;Москва;Эксмо;2005;rus;Художественная литература;;Миры fantasy;Текст. материал;Монография;
19;;Фэнтези-2004;Москва;Эксмо;2004;;Художественная литература;;Миры fantasy;Текст. материал;Монография;
20;Стругацкий Аркадий Натанович;;;;1996;rus;Художественная литература;;;Текст. материал;Монография;
21;Стальнов Илья Александрович;Последний госпитальер;Москва;Эксмо;1997;rus;Художественная литература;;;Текст. материал;Монография;
23;Соколов Михаил Павлович;Властитель;Москва;АСТ;1999;rus;Художественная литература;;Звездный лабиринт;Текст. материал;Монография;
24;Снегов Сергей Александрович;;;;1997;rus;Художественная литература;;;Текст. материал;Монография;
25;Семенова Мария Васильевна;Поединок со Змеем;Санкт-Петербург;Азбука-классика;2008;rus;Художественная литература;;Азбука;Текст. материал;Монография;
26;Сорокин Дмитрий Игоревич;Оберег;Москва;Центрполиграф;2000;rus;Художественная литература;;Загадочная Русь;Текст. материал;Монография;
27;Стругацкий Аркадий Натанович;Хромая судьба , Хищные вещи века;Москва;Книга;1990;rus;Художественная литература;;;Текст. материал;Монография;
28;Стругацкий Аркадий Натанович;Попытка к бегству , Малыш , Волны гасят ветер;Москва;Эксмо;1997;rus;Художественная литература;;;Текст. материал;Монография;
29;Стругацкий Аркадий Натанович;;;;1989;rus;Художественная литература;;;Текст. материал;Монография;
30;Казаков Дмитрий Львович;Высшая раса;Санкт-Петербург;Крылов;2008;rus;Художественная литература;;Мужской клуб. Историческая альтернатива;Текст. материал;Монография;
31;Константинов Евгений Михайлович;Факультет рыболовной магии;Москва;Армада;2006;rus;Художественная литература;;Магия фэнтези;Текст. материал;Монография;
32;Курочкин Максим Иванович;Аниськин и снежный человек;Москва;Эксмо;2003;rus;Художественная литература;;Деревенский детектив;Текст. материал;Монография;
33;Круз Андрей;Рейтар;Москва;Эксмо;2013;rus;Художественная литература;;Новый фантастический боевик;Текст. материал;Монография;16+
34;;Новогодний Дозор;Москва;АСТ;2014;rus;Художественная литература;;Лучшая фантастика 2014;Текст. материал;Монография;
35;Орлов Алекс;Крылья огненных драконов;Москва;Армада , Альфа-книга;2006;rus;Художественная литература;;Магия фэнтези;Текст. материал;Монография;
36;Олди Генри Лайон;Пасынки восьмой заповеди , Ожидающий на перекрестках , Страх;Москва;Эксмо;1996;rus;Художественная литература;;Абсолютная магия;Текст. материал;Монография;
37;Олди Генри Лайон;Восставшие из рая , Живущий в последний раз , Ожидающий на перекрестках;Харьков : Донецк;Фолио , Сталкер;;rus;Художественная литература;;Новая русская фантастика;Текст. материал;Монография;
38;Оськин Максим Викторович;История Первой мировой войны;Москва;Вече;2014;rus;История в целом. Всемирная история;;Первая мировая, 1914-1918;Текст. материал;Монография;16+
39;Петров Василий Петрович;Оды , Письма в стихах , Разные стихотворения;Москва;Б.С.Г.-Пресс;2016;rus;Художественная литература;;Поэты Москвы;Текст. материал;Монография;16+
40;Лебедев Георгий Георгиевич;Московский Кремль;Москва;У Никитских ворот;2013;rus;Живопись;;;Текст. материал;Монография;
41;Корбалан Фернандо;Золотое сечение. Математический язык красоты;Москва;Де Агостини;2013;rus;Математика;;Мир математики;Текст. материал;Монография;12+
42;Арсеньев Борис Вячеславович;Москва-река. Века и вёрсты;Москва;Москвоведение;2014;rus;Краеведение. Страноведение. Путешествия. Путеводители;;Новый московский путеводитель;Текст. материал;Монография;12+
43;Синельников Михаил Исаакович;За перевалом;Москва;Галактика;2016;rus;Художественная литература;;;Текст. материал;Монография;
44;Маховская Ольга Ивановна;Позитивное воспитание. Как понять своего ребенка;Санкт-Петербург;Питер;2017;rus;Психология труда и профессиональной деятельности;;Родителям о детях;Текст. материал;Монография;12+
45;;Японская классическая поэзия;Москва;Эксмо;2017;;Художественная литература;;100 главных книг : Библиотека классической литературы;Текст. материал;Монография;16+
46;Свечин Николай;Завещание Аввакума. Происшествия из службы сыщика Алексея Лыкова и его друзей;Москва;Эксмо;2014;rus;Художественная литература;;Исторический детективъ Николая Свечина;Текст. материал;Монография;16+
47;Буль Пьер;Планета обезьян;Москва;Эксмо;2017;rus;Художественная литература;;Кинообложка;Текст. материал;Монография;16+
48;Экман Пол;Лгуны или фантазеры. Правда о детской лжи;Санкт-Петербург;Питер;2017;rus;Психология труда и профессиональной деятельности;;Родителям о детях;Текст. материал;Монография;12+
49;Емельянова Елена Владимировна;Кризис в созависимых отношениях. Принципы и алгоритмы консультирования;Санкт-Петербург;Речь;2004;rus;Психология развития и возрастная психология;;Современный учебник;Текст. материал;Монография;
50;Долгопят Елена Олеговна;Родина;Москва;РИПОЛ классик;2017;rus;Художественная литература : Проза;;;Текст. материал;Монография;18+
51;Махален Поль;Кровавая гостиница;Москва;Мир книги , Литература;2012;rus;Художественная литература;;Классика приключенческого романа;Текст. материал;Монография;
52;Кондрашов Александр Иванович;Говорит Москва;Москва;У Никитских ворот;2016;rus;Художественная литература;;;Текст. материал;Монография;
53;Рибакофф Дэниел;Частный сыск. Секреты профессионального мастерства от ведущего детектива США;Москва;Эксмо;2017;rus;Право. Юридические науки : Административное право;;Личная безопасность. Секретные техники спецслужб;Текст. материал;Монография;16+
54;Изюмов Юрий Петрович;"Куда: Москва, ""Литературная газета"". 1980-1990. Люди и события";Москва;У Никитских ворот , Литературная газета;2015;rus;Периодическая печать;;;Текст. материал;Монография;16+
55;Хильт Алиона;Как раскрутить блог в Instagram. Лайфаки, тренды, жизнь;Москва;АСТ;2017;rus;Технологии и средства программирования;;;Текст. материал;Монография;16+
56;Пинчук Сергей Александрович;Крымская война и одиссея Греческого легиона;Москва;Вече;2016;rus;История России;;;Текст. материал;Монография;16+
57;Скоренко Тимофей Юрьевич;Изобретено в России. История русской изобретательской мысли от Петра I до Николая II;Москва;Альпина нон-фикшн;2018;rus;История науки;;;Текст. материал;Монография;16+
58;Тормозова Людмила Илларионовна;Полководец А. П. Тормасов;Москва;У Никитских ворот;2015;rus;История России;Тормасов Александр Петрович;;Текст. материал;Монография;
59;Быкова Анна Александровна;"Самостоятельный ребенок, или Как стать ""ленивой мамой""";Москва;Эксмо;2017;rus;Психология труда и профессиональной деятельности : Семейное воспитание и образование. Самообразование;;Ленивая мама;Текст. материал;Монография;16+
60;;Строгановка. 190 лет русского дизайна;Москва;Русский мир;2015;rus;Изобразительное искусство и архитектура;;Большая Московская Библиотека;Текст. материал;Монография;16+
61;Кэтмелл Эд;Корпорация гениев. Как управлять командой творческих людей;Москва;Альпина Паблишер;2014;rus;Бизнес и предпринимательство. Экономика предприятия : Мировая экономика. Мировые экономические отношения. Экономика стран и регионов;;;Текст. материал;Монография;16+
62;;Юрий Гагарин. Знаете, каким он парнем был!;Москва;Русский мир;2014;rus;Космический транспорт. Космонавтика;Гагарин Юрий Алексеевич;Слава России;Текст. материал;Монография;
63;;Правила личной жизни;Москва;Слово/Slovo;2013;rus;Психология личности;;;Текст. материал;Монография;
64;Дэвид-Фокс Майкл;Витрины великого эксперимента. Культурная дипломатия Советского Союза и его западные гости, 1921-1941 годы;Москва;Новое Литературное Обозрение;2015;rus;История России;;Historia Rossica;Текст. материал;Монография;16+
65;Сурженко Леонид Анатольевич;Воспитание без воспитания. Как вырастить ребенка счастливым человеком;Санкт-Петербург;Питер;2017;rus;Психология труда и профессиональной деятельности;;Родителям о детях;Текст. материал;Монография;12+
66;Айзексон Уолтер;Бенджамин Франклин;Москва;Манн, Иванов и Фербер;2014;rus;История частей света и зарубежных стран;Франклин Бенджамин;;Текст. материал;Монография;16+
67;Вуйчич Ник;Неудержимый. Невероятная сила веры в действии;Москва;Эксмо;2013;rus;Социальная психология;;;Текст. материал;Монография;16+
68;Ди Чианни Чинция;Мозг и тайны мышления;Москва;БИНОМ. Лаборатория знаний;2015;rus;Общая психология;;Вояджер;Текст. материал;Монография;
69;;Формулы и таблицы для школьников, абитуриентов, студентов;Ростов-на-Дону;Феникс;2010;rus;Точные и естественные науки. Науки о Земле;;Здравствуй, школа!;Текст. материал;Монография;
70;Моисеев Никита Николаевич;Человек и ноосфера;Москва;Молодая гвардия;1990;rus;Экология;;;Текст. материал;Монография;
71;Уиз Джим;Занимательная химия, физика, биология;Москва;АСТ , Астрель;2007;rus;Точные и естественные науки. Науки о Земле;;;Текст. материал;Монография;
73;Озерянский Валерий Анатольевич;Познаем наномир;Москва;БИНОМ. Лаборатория знаний;2013;rus;Точные и естественные науки. Науки о Земле;;;Текст. материал;Монография;
74;Белов Сергей Владимирович;Ноксология;Москва;Юрайт;2012;rus;Экология;;Бакалавр. Базовый курс;Текст. материал;Монография;
75;Аистов Илья Алексеевич;Концепции современного естествознания;Санкт-Петербург;Питер;2005;rus;Точные и естественные науки. Науки о Земле;;Краткий курс;Текст. материал;Монография;
76;;Экология. Основы геоэкологии;Москва;Юрайт;2014;rus;Экология;;Бакалавр. Академический курс;Текст. материал;Монография;
77;Рузавин Георгий Иванович;Концепции современного естествознания;Москва;Гардарики;2007;rus;Точные и естественные науки. Науки о Земле;;;Текст. материал;Монография;
78;;Охрана окружающей среды;Москва;Академия;2014;rus;Экология : Охрана окружающей среды в целом. Рациональное природопользование;;Высшее образование. Бакалавриат;Текст. материал;Монография;
79;;Концепции современного естествознания;Москва;Питер;2009;rus;Точные и естественные науки. Науки о Земле;;Учебник для вузов;Текст. материал;Монография;
81;;Концепции современного естествознания;Москва;Дрофа;2009;rus;Точные и естественные науки. Науки о Земле;;Высшее образование;Текст. материал;Монография;
82;Баландин Рудольф Константинович;Экология. Человек и природа;Москва;ОЛМА-Пресс;2001;rus;Экология;;;Текст. материал;Монография;
83;Горохов Виталий Георгиевич;Концепции современного естествознания и техники;Москва;Инфра-М;2000;rus;Точные и естественные науки. Науки о Земле : Технические науки и промышленность в целом : Философия и логика;Галилей Галилео;Высшее образование;Текст. материал;Монография;
84;Зентген Йенс;От звезды до росинки. 120 удивительных явлений природы;Москва;БИНОМ. Лаборатория знаний;2015;rus;Точные и естественные науки. Науки о Земле : Познавательная литература для школьников по общественным, естественнонаучным и техническим знаниям;;;Текст. материал;Монография;12+
85;Клягин Николай Васильевич;Современная научная картина мира;Москва;Университетская книга;2007;rus;Точные и естественные науки. Науки о Земле;;Новая университетская библиотека;Текст. материал;Монография;
86;;Стандарты качества окружающей среды;Москва : Минск;Инфра-М , Новое знание;;rus;Экология : Охрана окружающей среды в целом. Рациональное природопользование;;Высшее образование. Бакалавриат;Текст. материал;Монография;
87;Кессельман Владимир Самуилович;На кого упало яблоко;Москва;Ломоносовъ;2014;rus;Физика : Точные и естественные науки. Науки о Земле : Ученые. Научные работники;;Лучшее увлекательное чтение : ЛУЧ;Текст. материал;Монография;
88;Брукс Майкл;Тринадцать вещей, в которых нет ни малейшего смысла;Москва;Ломоносовъ;2013;rus;Точные и естественные науки. Науки о Земле;;Лучшее увлекательное чтение : ЛУЧ;Текст. материал;Монография;
90;Козлов Ю. С.;Экологическая безопасность автомобильного транспорта;Москва;Агар , Рандеву-АМ;2000;rus;Экология;;Библиотечка студента : Автомобиль и экология;Текст. материал;Монография;
91;;И тогда деревья заговорили...;Алма-Ата;;2004;rus;Экология;;;Текст. материал;Монография;
92;Веккионе Глен;Занимательные опыты;Москва;АСТ , Астрель;2008;rus;Точные и естественные науки. Науки о Земле;;;Текст. материал;Монография;
96;Миркин Борис Михайлович;Популярный экологический словарь;Москва;Тайдекс Ко;2003;rus;Экология;;"Библиотека журнала ""Экология и жизнь""";Текст. материал;Монография;
97;Воронков Николай Александрович;Экология. Общая, социальная, прикладная;Москва;Агар , Рандеву-АМ;1999;rus;Экология;;;Текст. материал;Монография;
98;;Основы природопользования : экологические,  экономические и правовые аспекты;Ростов-на-Дону;Феникс;2007;rus;Охрана окружающей среды в целом. Рациональное природопользование;;Высшее образование;Текст. материал;Монография;
99;Железняк Галина Васильевна;НЛО-секретные материалы;Харьков;Клуб Семейного Досуга;2006;rus;Точные и естественные науки. Науки о Земле;;;Текст. материал;Монография;
100;Валова Валентина Дмитриевна;Основы экологии;Москва;Дашков и К;2005;rus;Экология;;;Текст. материал;Монография;
102;Митчелл Пол;101 ключевая идея. Экология;Москва;Гранд , Фаир-Пресс;2001;rus;Экология;;Грандиозный мир;Текст. материал;Монография;
105;;Секретные досье ФБР:Тайны НЛО становятся явными;Челябинск;Урал Л.Т.Д.;1999;rus;Точные и естественные науки. Науки о Земле;;;Текст. материал;Монография;
106;;Аномальные и таинственные места России;Москва;Бертельсманн Медиа Москау (БММ);2013;rus;Точные и естественные науки. Науки о Земле;;;Текст. материал;Монография;
107;Марин Диего;Тайны Наски и Ики;Москва;БИНОМ. Лаборатория знаний;2015;rus;История. Исторические науки : Археология : Этнология (этнография, народоведение). Обычаи и обряды;;Вояджер;Текст. материал;Монография;16+
108;Латальята Розамария;НЛО. Правда или вымысел?;Москва;БИНОМ. Лаборатория знаний;2014;rus;Точные и естественные науки. Науки о Земле;;Вояджер;Текст. материал;Монография;
109;Коробкин Владимир Иванович;Экология и охрана окружающей среды;Москва;КноРус;2013;rus;Экология;;Бакалавриат;Текст. материал;Монография;16+
110;Ди Чианни Чинция;Жизнь в других мирах;Москва;БИНОМ. Лаборатория знаний;2013;rus;Точные и естественные науки. Науки о Земле;;Вояджер;Текст. материал;Монография;
112;Зверев Анатолий Тихонович;Экология;Москва;Дом педагогики;1999;rus;Экология;;;Текст. материал;Монография;
113;Григорьева Ия Юрьевна;Основы природопользования;Москва;Инфра-М;2014;rus;Охрана окружающей среды в целом. Рациональное природопользование;;Высшее образование. Бакалавриат;Текст. материал;Монография;
114;Балаян Эдуард Николаевич;Комплексные упражнения по математике;Ростов-на-Дону;Феникс;2010;rus;Математика;;Большая перемена;Текст. материал;Монография;
115;;Основы инженерной экологии;Ростов-на-Дону;Феникс;2013;rus;Экология : Биология человека. Антропология;;Высшее образование;Текст. материал;Монография;
116;;Репетитор по математике;Ростов-на-Дону;Феникс;2010;rus;Математика;;;Текст. материал;Монография;
117;Выгодский Марк Яковлевич;Справочник по элементарной математике;Москва;АСТ , Астрель;2008;rus;Математика;;;Текст. материал;Монография;
118;;;;;2012;;Физика;;;Текст. материал;Монография;
119;;;;;2011;;Физика;;;Текст. материал;Монография;
121;Стюарт Иэн;Величайшие математические задачи;Москва;Альпина нон-фикшн , Династия;2015;rus;Математика;;;Текст. материал;Монография;
123;;Полный сборник решений задач для поступающих в вузы;Москва;Мир и Образование;2005;rus;Математика;;;Текст. материал;Монография;
126;Ежуков Евгений Лаврентьевич;Пограничная стража России. От Святого Владимира до Николая II;Москва;Эксмо , Яуза;2017;rus;История России : Административное право;;Пограничники. Герои в зеленых фуражках;Текст. материал;Монография;16+
127;Корешкова Татьяна Александровна;ЕГЭ 2008. Математика;Москва;Эксмо;2008;rus;Математика;;Интенсивная подготовка. Единый государственный экзамен;Текст. материал;Монография;
128;Корешкова Татьяна Александровна;ЕГЭ 2009. Математика. Тренировочные задания;Москва;Эксмо;2009;rus;Математика;;Интенсивная подготовка. Единый государственный экзамен;Текст. материал;Монография;
129;Дэгравэ Вим;Отели и их секреты. Управляющие, горничные и бармены о настоящей жизни в отелях;Москва;Эксмо;2017;rus;Экономика прочих отраслей;;Travel Story. Книги для отдыха;Текст. материал;Монография;12+
130;Володихин Дмитрий Михайлович;Братья Стругацкие;Москва;Молодая гвардия;2017;rus;История и критика литературы России;Стругацкий Аркадий Натанович;Жизнь замечательных людей : серия биографий;Текст. материал;Монография;16+
131;Дрессер Кристоф;Обольстить математикой. Числовые игры на все случаи жизни;Москва;БИНОМ. Лаборатория знаний;2014;rus;Математика;;;Текст. материал;Монография;16+
132;;Дмитрий Владимирович Голицын в войне 1812 года;Москва;Зебра Е;2017;;История России;;;Текст. материал;Монография;
133;Рабинер Игорь Яковлевич;"Как возрождали ""Спартак"". Откровения Массимо Карреры и игроков. [Хроника золотого сезона]";Москва;Эксмо;2017;rus;Спортивные игры;;;Текст. материал;Монография;16+
134;Балаян Эдуард Николаевич;Репетитор по математике для поступающих в вузы;Ростов-на-Дону;Феникс;2007;rus;Математика;;Абитуриент;Текст. материал;Монография;
135;Кон Игорь Семенович;Мальчик - отец мужчины;Москва;Время;2017;rus;Психология труда и профессиональной деятельности;;;Текст. материал;Монография;
136;;Алгебра и геометрия в таблицах и схемах:лучше,чем учебник;Ростов-на-Дону;Феникс;2007;rus;Математика;;;Текст. материал;Монография;
137;Сатановский Евгений Янович;Записные книжки дурака;Москва;Эксмо;2017;rus;История в целом. Всемирная история;;Сатановский Евгений. Книги известного политолога, президента Института Ближнего Востока;Текст. материал;Монография;16+
139;Каст Филис Кристина;Избранная;Москва;Олма Медиа Групп;2010;rus;Художественная литература;;Дом Ночи;Текст. материал;Монография;
140;Перельман Яков Исидорович;Живая математика;Москва;Издательский Дом Мещерякова;2014;rus;Математика;;;Текст. материал;Монография;6+
141;Колодный Лев Ефимович;Петровский бульвар;Москва;Вече;2015;rus;История России;;;Текст. материал;Монография;
142;Поляк Николай Николаевич;Решение конкурсных задач по математике;Москва;Инфолайн;1995;rus;Математика;;;Текст. материал;Монография;
143;Клепалов Евгений Юрьевич;Романсы на стихи Анны Ахматовой;Москва;Музыка;2003;rus;Вокальные произведения;;;Ноты печатные;Монография;
144;Дробышевский Станислав Владимирович;;;;2017;;Биология человека. Антропология;;;Текст. материал;Монография;
145;Гришина Элеонора Николаевна;Физика в таблицах и схемах;Ростов-на-Дону;Феникс;2012;rus;Физика;;Без репетитора;Текст. материал;Монография;
146;Дробышевский Станислав Владимирович;;;;2017;;Биология человека. Антропология;;Primus;Текст. материал;Монография;
147;Касаткин Геннадий Васильевич;Математика для поступающих в вузы ;Москва;Уникум-центр , Поматур;1999;rus;Математика;;Будь студентом;Текст. материал;Монография;
148;Вишневский Януш Леон;Любовница;Санкт-Петербург;Азбука-классика;2010;rus;Художественная литература;;Современные и классические бестселлеры;Текст. материал;Монография;
150;Кнут Дональд Эрвин;Сюрреальные числа. ;Москва;БИНОМ. Лаборатория знаний;2014;rus;Математика;;;Текст. материал;Монография;18+
151;Ларссон Стиг;Девушка, которая взрывала воздушные замки;Москва : Санкт-Петербург;Эксмо , Домино;;rus;Художественная литература : Зарубежный детектив;;Millennium;Текст. материал;Монография;
153;;Математика;Москва;"Филологическое общество ""Слово"" , Ключ-С";1995;;Математика;;;Текст. материал;Монография;
154;Щербакова Юлия Валерьевна;Аналитическая геометрия;Москва;Эксмо;2007;rus;Геометрия. Топология;;Экзамен в кармане;Текст. материал;Монография;
155;Атанасян Левон Сергеевич;Геометрия;Москва;КноРус;2013;rus;Геометрия. Топология;;;Текст. материал;Монография;
156;Атанасян Левон Сергеевич;Геометрия;Москва;КноРус;2013;rus;Геометрия. Топология;;;Текст. материал;Монография;
157;Гоник Ларри;Алгебра. Естественная наука в комиксах;Москва;КоЛибри;2015;rus;Алгебра;;;Текст. материал;Монография;12+
164;;Математика;Москва;БРИДЖ;1994;;Математика;;От школы к вузу: Самые популярные учебные и методические пособия;Текст. материал;Монография;
165;Кушнир Исаак Аркадьевич;;;;1995;rus;Математика;;;Текст. материал;Монография;
166;Кушнир Исаак Аркадьевич;;;;1995;rus;Математика;;;Текст. материал;Монография;
169;Житомирский Владимир Габриэлевич;Путешествие по стране Геометрии;Екатеринбург;Средне-Уральское книжное издательство;1994;rus;Геометрия. Топология;;;Текст. материал;Монография;
170;Саакян Самвел Манасович;Задачи по алгебре и началам анализа;Москва;Просвещение;2003;rus;Алгебра;;;Текст. материал;Монография;
171;Прийма Алексей Константинович;Пришельцы ниоткуда;Ростов-на-Дону;Феникс;1996;rus;Формы нетрадиционной религиозности. Культы, секты;;"По ту сторону ""зеркала""";Текст. материал;Монография;
172;Перельман Яков Исидорович;Живая математика;Москва;Столетие;1994;rus;Математика;;;Текст. материал;Монография;
173;;ХХ век: хроника необъяснимого;Москва;Олимп , АСТ;1996;;Точные и естественные науки. Науки о Земле;;;Текст. материал;Монография;
176;Олехник Слав Николаевич;Старинные занимательные задачи;Москва;Столетие;1994;rus;Математика;;;Текст. материал;Монография;
177;Перельман Яков Исидорович;Живая математика;Москва;Триада , Литера;1994;rus;Математика;;;Текст. материал;Монография;
178;Назаренко Александр Максимович;Тысяча и один пример: Равенства и неравенства;Сумы;Слобожанщина;1994;rus;Математика;;;Текст. материал;Монография;
180;Гарднер Мартин;Математические головоломки и развлечения;Москва;Оникс;1994;rus;Математика;;;Текст. материал;Монография;
181;Млодинов Леонард;Евклидово окно;Москва;Livebook;2013;rus;Геометрия. Топология;;;Текст. материал;Монография;12+
182;Перельман Яков Исидорович;Занимательная геометрия на вольном воздухе и дома;Москва;Центрполиграф;2011;rus;Геометрия. Топология;;Азбука науки для юных гениев;Текст. материал;Монография;
184;Росошек Семен Константинович;Системы уравнений : 9 класс;Томск;Издательство Томского университета;1996;rus;Алгебра;;Математика. Психология. Интеллект;Текст. материал;Монография;
186;;Шеренга великих математиков;Варшава;Наша Ксенгарня;1970;;Математика;;;Текст. материал;Монография;
188;Кикоть Павел Борисович;Линейная алгебра. Что надо знать, как решать задачи, типовой расчет;Москва;Издательство Московского государственного индустриального университета;2007;rus;Алгебра;;;Текст. материал;Монография;
190;Айзексон Уолтер;Альберт Эйнштейн. Его жизнь и Вселенная;Москва;АСТ , Corpus;2015;rus;Физика;Эйнштейн Альберт;;Текст. материал;Монография;
193;Алов Николай Г.;Мария Кюри. Подвиг длиною в жизнь;Москва;Бослен;2013;rus;Химические науки : Физика атомного ядра и элементарных частиц;Кюри-Склодовская Мария;;Текст. материал;Монография;
195;;Самое полное издание типовых вариантов реальных заданий ЕГЭ 2009. Математика;Москва;АСТ , Астрель;2009;rus;Математика;;;Текст. материал;Монография;
196;;Учимся решать задачи;Петрозаводск;КАРЭКО;1995;rus;Математика;;;Текст. материал;Монография;
197;Кейн Гордон;Суперсимметрия. От бозона Хиггса к новой физике;Москва;БИНОМ. Лаборатория знаний;2015;rus;Физика атомного ядра и элементарных частиц;;;Текст. материал;Монография;
198;Строгац Стивен;Удовольствие от х;Москва;Манн, Иванов и Фербер;2014;rus;Математика;;;Текст. материал;Монография;
199;;Тематическое задание для подготовки к ЕГЭ по математике;Ростов-на-Дону;Феникс;2010;rus;Математика;;;Текст. материал;Монография;
200;Пухначев Юрий Васильевич;Математика без формул;Москва;Столетие;1995;rus;Математика;;;Текст. материал;Монография;
201;Инджиев Артур Александрович;Уникальные бизнес-истории;Ростов-на-Дону;Феникс;2010;rus;Мировая экономика. Мировые экономические отношения. Экономика стран и регионов;;Вершина успеха;Текст. материал;Монография;
202;;Сказания о земле Русской;Москва;Олма Медиа Групп;2009;rus;Фольклор России;;Русский народ : Издательская программа правительства Москвы;Текст. материал;Монография;
203;Арзаканян Марина Цолаковна;История Франции;Москва;Дрофа;2007;rus;История частей света и зарубежных стран;;;Текст. материал;Монография;
204;Эрс Жак;Рождение капитализма в средние века;Санкт-Петербург;Евразия;2014;rus;История в целом. Всемирная история : Финансы. Банковское дело. Рынок ценных бумаг. Страхование. Социальное обеспечение;;;Текст. материал;Монография;
205;;Бизнес план;Санкт-Петербург;Питер;2009;rus;Бизнес и предпринимательство. Экономика предприятия;;;Текст. материал;Монография;
207;Берггольц Ольга Федоровна;Ольга. Запретный дневник;Санкт-Петербург;Азбука-Аттикус;2011;rus;Художественная литература;;;Текст. материал;Монография;
209;;Легенды и мифы отечественной авиации;;;2012;;Воздушный транспорт. Авиация;;;Текст. материал;Монография;
210;Миллер Алис;Драма одаренного ребенка и поиск собственного Я;Москва;Академический проект;2014;rus;Психология личности : Психология труда и профессиональной деятельности;;Психологические технологии;Текст. материал;Монография;
211;Арнольд Владимир Игоревич;Теория катастроф;Москва;Наука;1990;rus;Математический анализ.Функциональный анализ;;;Текст. материал;Монография;
212;Пиковер Клиффорд;Великая математика;Москва;БИНОМ. Лаборатория знаний;2015;rus;Математика;;;Текст. материал;Монография;16+
213;Вентцель Елена Сергеевна;Теория вероятностей;Москва;КноРус;2013;rus;Теория вероятностей и математическая статистика.;;Бакалавриат;Текст. материал;Монография;
214;;Теория вероятностей и математическая статистика;Москва;Физматлит;2007;rus;Математика;;;Текст. материал;Монография;
215;Чистяков Владимир Павлович;Курс теории вероятностей;Москва;Агар;2000;rus;Математика;;;Текст. материал;Монография;
216;Зубрев Николай Иванович;Предотвращение химического и бактериального загрязнения полосы отвода железных дорог;Москва;Инфра-М;2013;rus;Охрана окружающей среды в целом. Рациональное природопользование : Железнодорожный транспорт;;Научная мысль;Текст. материал;Монография;
218;Перельман Яков Исидорович;Занимательная механика;Москва;Книжный клуб Книговек , Терра;2013;rus;Механика;;;Текст. материал;Монография;12+
220;Тарг Семен Михайлович;Краткий курс теоретической механики;Москва;Высшая школа;1995;rus;Общая механика. Механика твердых тел. Кинематика. Статика;;;Текст. материал;Монография;
222;Болсун Александр Иванович;Физика в экзаменационных вопросах и ответах;Минск;Белорусская энциклопедия им. Петруся Бровки;1996;rus;Физика;;;Текст. материал;Монография;
223;Асламазов Лев Григорьевич;Удивительная физика;Москва;Наука;1987;rus;Физика;;"Библиотечка ""Квант""";Текст. материал;Монография;
224;Дойч Дэвид;Структура реальности. Наука параллельных вселенных;Москва;Альпина нон-фикшн;2015;rus;Гносеология (эпистемология). Философия науки : Квантовая механика;;;Текст. материал;Монография;
225;Дмитриев Александр Станиславович;Как понять сложные законы физики;Москва;Этерна;2014;rus;Физика;;Физика - это интересно!;Текст. материал;Монография;
226;Дрессер Кристоф;Обольстить физикой;Москва;БИНОМ. Лаборатория знаний;2015;rus;Физика;;;Текст. материал;Монография;
228;;Физика;Москва;Проспект;2010;rus;Физика;;;Текст. материал;Монография;
229;Громцева Ольга Ильинична;ЕГЭ 2009. Физика.Типовые тестовые задания;Москва;Экзамен;2009;rus;Физика;;;Текст. материал;Монография;
231;;ЕГЭ-2008. Физика;Москва;Эксмо;2008;rus;Физика;;Репетитор : Интенсивная подготовка;Текст. материал;Монография;
233;Касаткина Ирина Леонидовна;Задачи по физике;Ростов-на-Дону;Феникс;2008;rus;Физика;;Абитуриент;Текст. материал;Монография;
234;Кэрролл Шон Майкл;Частица на краю Вселенной;Москва;БИНОМ. Лаборатория знаний;2015;rus;Физика атомного ядра и элементарных частиц;;Universum;Текст. материал;Монография;16+
235;Млодинов Леонард;Радуга Фейнмана;Москва;Livebook;2015;rus;Физика;;;Текст. материал;Монография;12+
236;Касаткина Ирина Леонидовна;Репетитор по физике;Ростов-на-Дону;Феникс;2010;rus;Физика;;Абитуриент;Текст. материал;Монография;
237;Перельман Яков Исидорович;Занимательные задачи и опыты;Екатеринбург;Лектон;1995;rus;Физика : Математика;;;Текст. материал;Монография;
238;Перельман Яков Исидорович;Занимательная физика;Москва;Триада-Литера;1994;rus;Физика;;;Текст. материал;Монография;
239;Перельман Яков Исидорович;;;;1994;rus;Физика;;;Текст. материал;Монография;
240;Перельман Яков Исидорович;Знаете ли вы физику?;Москва;Центрполиграф;2010;rus;Физика;;Азбука науки для юных гениев;Текст. материал;Монография;
241;Трофимова Таисия Ивановна;Справочник школьника по физике;Москва;Дрофа;1996;rus;Физика;;;Текст. материал;Монография;
242;;Иностранная литература;Москва;Иностранная литература;1955-;rus;Художественная литература;;;Текст. материал;Периодика;16+
243;;Иностранная литература;;;2018;rus;Художественная литература;;;Текст. материал;Монография;16+
246;Ашкрофт Н.;Физика твердого тела;Москва;Мир;1979;rus;Физика твердого тела. Кристаллография;;;Текст. материал;Монография;
247;Безденежных Евгений Александрович;Физика;Москва;Медицина;1978;rus;Физика;;;Текст. материал;Монография;
252;Соколовская Наталия Евгеньевна;Любовный канон;Санкт-Петербург;Азбука;2011;rus;Художественная литература;;;Текст. материал;Монография;
253;Смолл Бертрис;Снова любить;Москва;Крон-Пресс;1995;rus;Художественная литература;;Звезда любви;Текст. материал;Монография;
255;Смолл Бертрис;В объятиях ветра;Москва;Крон-Пресс;1996;rus;Художественная литература : Зарубежная проза;;Любовный роман;Текст. материал;Монография;
256;Смолл Бертрис;Чертовка;Москва;Крон-Пресс;1996;rus;Художественная литература;;Любовный роман;Текст. материал;Монография;
257;Смолл Бертрис;Мое сердце;Москва;Крон-Пресс;1995;rus;Художественная литература;;Шарм;Текст. материал;Монография;
258;Смолл Бертрис;Любовь дикая и прекрасная;Москва;Крон-Пресс;1995;rus;Художественная литература;;;Текст. материал;Монография;
261;Буздин Александр Иванович;Раз задача, два задача...;Москва;Наука;1990;rus;Физика;;"Библиотечка ""Квант""";Текст. материал;Монография;
262;Григорьян Ашот Тигранович;Механика в России;Москва;Наука;1978;rus;Механика;;;Текст. материал;Монография;
263;Гомонова Аллина Ивановна;Физика. Механика;Москва;Экзамен;1998;rus;Механика;;;Текст. материал;Монография;
264;;Свадебный наряд;Москва;АСТ;2004;rus;Художественная литература;;;Текст. материал;Монография;
266;Петровский Иван Георгиевич;Лекции по теории интегральных уравнений;Москва;Издательство Московского государственного университета им. М. В. Ломоносова;1984;rus;Математический анализ.Функциональный анализ;;;Текст. материал;Монография;
267;Сафарли Эльчин;Рецепты счастья;Москва;АСТ;2014;rus;Художественная литература;;Бестселлеры Эльчина Сафарли;Текст. материал;Монография;16+
268;Сафарли Эльчин;Когда я вернусь, будь дома;Москва;АСТ;2017;rus;Художественная литература;;Бестселлеры Эльчина Сафарли;Текст. материал;Монография;16+
269;Гомонова Аллина Ивановна;Задачи по физике;Москва;Экзамен;1998;rus;Физика;;Экзамен;Текст. материал;Монография;
270;Сеттерфилд Диана;Тринадцатая сказка;Санкт-Петербург;Азбука , Азбука-Аттикус;2016;rus;Художественная литература;;The Big Book;Текст. материал;Монография;16+
271;Гомонова Аллина Ивановна;Физика. Молекулярная физика. Электричество и магнетизм. Оптика;Москва;Экзамен;1998;rus;Физика;;;Текст. материал;Монография;
272;Сатклифф Уильям;Дурное влияние;Москва;Фантом Пресс;2006;rus;Художественная литература;;The Best of Рhantom;Текст. материал;Монография;
275;Садловская Мария;Твоя любовь сильнее смерти;Москва;Эксмо;2017;rus;Художественная литература;;Линия жизни;Текст. материал;Монография;
276;Лавриненко Мария;О чем мечтают все;Москва;АСТ;2008;rus;Художественная литература;;;Текст. материал;Монография;
277;Робертс Нора;Сокровища Айседоры;Москва;Эксмо;2010;rus;Художественная литература;;;Текст. материал;Монография;
278;Ростен Мишель;Звезда и старуха;Москва;Эксмо;2015;rus;Художественная литература;;Интеллектуальный бестселлер;Текст. материал;Монография;
280;Рощина Наталия Анатольевна;Спасение во лжи;Москва;АСТ;2005;rus;Художественная литература;;;Текст. материал;Монография;
281;Рощина Наталия Анатольевна;Какого цвета любовь?;Москва : Харьков;АСТ , Фолио;;rus;Художественная литература;;Русский романс;Текст. материал;Монография;
282;Крыжановская Вера Ивановна;Габриэль;Краснодар;Советская Кубань , Дримлэнд;1994;rus;Художественная литература;;;Текст. материал;Монография;
283;Саттон Генри;Вуайеры: Свидетели любви/Г.Саттон. Последнее танго в Париже/Р.Элли;Минск;Белфакс;1993;rus;Художественная литература;;;Текст. материал;Монография;
285;Роули Стивен;Лили и осьминог;Москва;Эксмо;2017;rus;Художественная литература;;Тот, кто не предаст. Люди и их питомцы;Текст. материал;Монография;16+
286;Гулиа Нурбей Владимирович;Инерция;Москва;Наука;1982;rus;Механика;;;Текст. материал;Монография;
287;Стил Даниэла;Беттина;Москва;Крон-Пресс;1995;rus;Художественная литература : Зарубежная проза;;Звезда любви;Текст. материал;Монография;
288;Би Фэйюй;Лунная опера;Санкт-Петербург;Азбука;2014;rus;Художественная литература : Проза;;Азбука Premium;Текст. материал;Монография;16+
290;Стил Даниэла;Перемены;Москва;Крон-Пресс;1995;rus;Художественная литература;;Иллюзион;Текст. материал;Монография;
291;Стил Даниэла;Огни Юга;Москва;АСТ;2013;rus;Художественная литература;;;Текст. материал;Монография;
292;Стил Даниэла;Ранчо;Москва;Эксмо;2014;rus;Художественная литература;;Мировой мега-бестселлер;Текст. материал;Монография;
293;Стил Даниэла;Отныне и вовек;Москва;Эксмо;2014;rus;Художественная литература;;Мэри Хиггинс Кларк. Мировой мега-бестселлер;Текст. материал;Монография;
294;Диментберг Федор Менасьевич;Вибрация в технике и человек;Москва;Знание;1987;rus;Механика;;;Текст. материал;Монография;
295;Уэдсли Оливия;Аристократка и бродяга;Москва;Эксмо;2013;rus;Художественная литература;;;Текст. материал;Монография;
296;Стил Даниэла;"Хочу ""Оскар""!";Москва;Эксмо;2007;rus;Художественная литература;;;Текст. материал;Монография;
297;Стил Даниэла;Злой умысел;Москва;Крон-Пресс;1996;rus;Художественная литература : Зарубежная проза;;Звезда любви;Текст. материал;Монография;
298;Стил Даниэла;Секреты;Москва;Эксмо , Крон-Пресс;1994;rus;Художественная литература;;Баттерфляй;Текст. материал;Монография;
299;Стил Даниэла;Вдали от дома;Москва;Крон-Пресс;1996;rus;Художественная литература;;Звезда любви;Текст. материал;Монография;
300;Стил Даниэла;Конец лета;Москва;Крон-Пресс;1996;rus;Художественная литература;;Звезда любви;Текст. материал;Монография;
302;Стил Даниэла;Удар молнии;Москва;Крон-Пресс;1996;rus;Художественная литература;;Звезда любви;Текст. материал;Монография;
303;Стил Даниэла;Благословение;Москва;Крон-Пресс;1996;rus;Художественная литература : Зарубежная проза;;Звезды любви;Текст. материал;Монография;
304;Стил Даниэла;Замкнутый круг;Москва;Крон-Пресс;1996;rus;Художественная литература;;Звезда любви;Текст. материал;Монография;
306;Стил Даниэла;Пять дней в Париже;Москва;Крон-Пресс;1996;rus;Художественная литература;;Звезда любви;Текст. материал;Монография;
307;Стил Даниэла;Жажда странствий;Москва;Крон-Пресс;1996;rus;Художественная литература : Зарубежная проза;;Звезда любви;Текст. материал;Монография;
309;Степановская Ирина;Вслед за Ремарком;Москва;АСТ;2005;rus;Художественная литература;;;Текст. материал;Монография;
312;Петрова Ирина Викторовна;Проценты на все случаи жизни;Челябинск;Южно-Уральское книжное издательство;1996;rus;Математика;;;Текст. материал;Монография;
313;Стил Даниэла;Нет сильнее любви...;Москва;Крон-Пресс;1996;rus;Художественная литература;;Звезда любви;Текст. материал;Монография;
315;Стил Даниэла;Начать сначала;Москва;Крон-Пресс;1996;rus;Художественная литература;;;Текст. материал;Монография;
316;Сотников И. М.;Загробный бизнес;Москва;Эксмо;1996;rus;Художественная литература;;Ягуар;Текст. материал;Монография;
317;Спаркс Николас;Послание в бутылке;Москва;АСТ;2014;rus;Художественная литература : Зарубежная проза;;;Текст. материал;Монография;
318;Спаркс Николас;Выбор;Москва;АСТ;2014;rus;Художественная литература;;Романтика любви;Текст. материал;Монография;
319;Тихонов Андрей Николаевич;Вводные лекции по прикладной математике;Москва;Наука;1984;rus;Вычислительная математика;;;Текст. материал;Монография;
321;Стюарт Алан;Фиктивный брак;Москва;Локид;1996;rus;Художественная литература;;;Текст. материал;Монография;
322;Таунсенд Сьюзан;Ковентри возрождается;Москва;Фантом Пресс;2015;rus;Художественная литература;;;Текст. материал;Монография;18+
325;Стюарт Мэри;И девять ждут тебя карет;Москва : Санкт-Петербург;Эксмо , Домино;;rus;Художественная литература;;"Женский клуб ""Mona Lisa""";Текст. материал;Монография;
326;Силин Аскольд Александрович;Трение и мы;Москва;Наука;1987;rus;Механика;;"Библиотечка ""Квант""";Текст. материал;Монография;
327;Тессаро Кэтлин;Дебютантка;Санкт-Петербург;Азбука , Азбука-Аттикус;2015;rus;Художественная литература;;Сто оттенков любви;Текст. материал;Монография;
329;Троллоп Джоанна;Разум и чувства;Москва;Слово/Slovo;2013;rus;Художественная литература;;;Текст. материал;Монография;
331;Шебалин Олег Дмитриевич;Физические основы механики и акустики;Москва;Высшая школа;1981;rus;Механика;;;Текст. материал;Монография;
334;Уэйр Элисон;Плененная королева;Санкт-Петербург;Азбука , Азбука-Аттикус;2015;rus;Художественная литература : Зарубежная проза;;Женские тайны;Текст. материал;Монография;16+
335;Ферранте Элена;Моя гениальная подруга. Детство, отрочество;Москва;Синдбад;2017;rus;Художественная литература;;;Текст. материал;Монография;16+
337;Стасенко Альберт Леонидович;Физика полета;Москва;Наука;1988;rus;Механика;;"Библиотечка ""Квант""";Текст. материал;Монография;
338;Фукс Катарина;;;;1994;rus;Художественная литература;;;Текст. материал;Монография;
340;Хилпатрик Джулия;Ретт Батлер;Москва;АСТ;1994;rus;Художественная литература;;Голливуд;Текст. материал;Монография;
347;Хейер Джорджетт;Черная моль , Картежница;Москва;Сантакс-Пресс;1997;rus;Художественная литература;;Флирт;Текст. материал;Монография;
349;Харт Кристофер;Ослепление;Москва;ОЛМА-Пресс;1995;rus;Художественная литература;;;Текст. материал;Монография;
350;Харт Кристофер;Неотразимая;Москва;ОЛМА-Пресс;1995;rus;Художественная литература;;Волшебный Купидон;Текст. материал;Монография;
351;Харт Кэтрин;Падший ангел;Москва;ОЛМА-Пресс;1995;rus;Художественная литература;;Волшебный Купидон;Текст. материал;Монография;
353;Зорич Александр Владимирович;Боевая машина любви;Москва;Центрполиграф;2001;rus;Художественная литература : Фантастика;;Перекресток богов;Текст. материал;Монография;
354;Хэнкок Пенни;Проклятие темных вод;Санкт-Петербург;Азбука , Азбука-Аттикус;2014;rus;Художественная литература;;The Big Book;Текст. материал;Монография;
356;Хесс Нора;Сэйдж;Смоленск;Русич;1995;rus;Художественная литература;;Алая Роза;Текст. материал;Монография;
357;Кордоньер Мари;Опасная леди , Серебряный огонь;Москва;Панорама;1994;rus;Художественная литература;;Библиотека любовного и авантюрного романа;Текст. материал;Монография;
359;Ханна Кристин;Светлячок надежды;Москва;Иностранка;2014;rus;Художественная литература;;#1 New York Times Вestselling Аuthor;Текст. материал;Монография;
360;Фукс Катарина;;;;1993;rus;Художественная литература;;;Текст. материал;Монография;
361;Александров Алексей;Знамя химеры;Москва;Армада , Альфа-книга;2008;rus;Художественная литература : Фантастика;;Фантастический боевик;Текст. материал;Монография;
362;Фолкс Себастьян;И пели птицы...;Москва;Синдбад;2014;rus;Художественная литература;;;Текст. материал;Монография;16+
368;Холт Виктория;Мадонна Семи Холмов,Опороченная Лукреция;Москва;Сантакс;1994;rus;Художественная литература;;;Текст. материал;Монография;
371;Холт Виктория;Чертополох и роза,Королева Иезавель;Москва;Сантакс-Пресс;1995;rus;Художественная литература;;;Текст. материал;Монография;
372;Баштовая Ксения Николаевна;Маленьких все обидеть норовят!;Москва;Армада , Альфа-книга;2008;rus;Художественная литература;;;Текст. материал;Монография;
373;Головачев Василий Васильевич;Нечеловеческий фактор;Москва;Эксмо;2013;rus;Художественная литература;;Абсолютное оружие;Текст. материал;Монография;
374;Ховард Линда;Лицо из снов;Москва;АСТ;1996;rus;Художественная литература;;;Текст. материал;Монография;
376;Головачев Василий Васильевич;Бой не вечен!;Москва;Эксмо;2000;rus;Художественная литература;;Абсолютное оружие;Текст. материал;Монография;
377;Чемберлен Диана;Огонь и дождь;Москва;ОЛМА-Пресс;1995;rus;Художественная литература;;;Текст. материал;Монография;
379;Судакова Алена;Любой каприз;Минск;Букмастер;2014;rus;Художественная литература;;Современный роман о любви;Текст. материал;Монография;
381;Торн Ален;Поединок страсти;Москва;АСТ;1996;rus;Художественная литература;;;Текст. материал;Монография;
384;Хилпатрик Джулия;Мы назовем ее Скарлетт...;Минск;БАДППР;1994;rus;Художественная литература;;Hollywood;Текст. материал;Монография;
386;Хейер Джорджетт;Пистолеты для двоих , Сильвестр;Москва;Сантакс-Пресс;1997;rus;Художественная литература;;Флирт. Романы о любви;Текст. материал;Монография;
387;Громыко Ольга Николаевна;Год крысы. Видунья;Москва;Армада , Альфа-книга;2009;rus;Художественная литература;;Магия фэнтези;Текст. материал;Монография;
